{"step": 16810, "train loss": 1.8185484409332275, "_timestamp": 1689589124.7500806, "_runtime": 1364.4817736148834, "_step": 1681, "_wandb": {"runtime": 1357}}