{"step": 170, "train loss": 2.0911788940429688, "_timestamp": 1689589331.7666473, "_runtime": 189.73967838287354, "_step": 17}